{
    "overall": {
        "aiSessions": 69,
        "nonAiSessions": 92,
        "aiVotes": 600,
        "nonAiVotes": 1364,
        "avgAi": 8.695652173913043,
        "avgNonAi": 14.826086956521738,
        "ppVotesAi": 30.549898167006113,
        "ppAvgAi": 36.96857670979667
    },
    "byCategory": {
        "1": {
            "aiSessions": 12,
            "nonAiSessions": 22,
            "aiVotes": 160,
            "nonAiVotes": 340,
            "avgAi": 13.333333333333334,
            "avgNonAi": 15.454545454545455,
            "ppVotesAi": 32,
            "ppAvgAi": 46.31578947368421
        },
        "2": {
            "aiSessions": 28,
            "nonAiSessions": 28,
            "aiVotes": 288,
            "nonAiVotes": 510,
            "avgAi": 10.285714285714286,
            "avgNonAi": 18.214285714285715,
            "ppVotesAi": 36.09022556390977,
            "ppAvgAi": 36.090225563909776
        },
        "4": {
            "aiSessions": 24,
            "nonAiSessions": 31,
            "aiVotes": 232,
            "nonAiVotes": 486,
            "avgAi": 9.666666666666666,
            "avgNonAi": 15.67741935483871,
            "ppVotesAi": 32.31197771587744,
            "ppAvgAi": 38.141705557912594
        },
        "5": {
            "aiSessions": 10,
            "nonAiSessions": 23,
            "aiVotes": 77,
            "nonAiVotes": 330,
            "avgAi": 7.7,
            "avgNonAi": 14.347826086956522,
            "ppVotesAi": 18.91891891891892,
            "ppAvgAi": 34.924078091106296
        },
        "6": {
            "aiSessions": 25,
            "nonAiSessions": 13,
            "aiVotes": 260,
            "nonAiVotes": 260,
            "avgAi": 10.4,
            "avgNonAi": 20,
            "ppVotesAi": 50,
            "ppAvgAi": 34.21052631578947
        },
        "7": {
            "aiSessions": 64,
            "nonAiSessions": 2,
            "aiVotes": 575,
            "nonAiVotes": 14,
            "avgAi": 8.984375,
            "avgNonAi": 7,
            "ppVotesAi": 97.62308998302207,
            "ppAvgAi": 56.20723362658846
        },
        "8": {
            "aiSessions": 13,
            "nonAiSessions": 13,
            "aiVotes": 126,
            "nonAiVotes": 194,
            "avgAi": 9.692307692307692,
            "avgNonAi": 14.923076923076923,
            "ppVotesAi": 39.375,
            "ppAvgAi": 39.375
        },
        "9": {
            "aiSessions": 9,
            "nonAiSessions": 18,
            "aiVotes": 99,
            "nonAiVotes": 209,
            "avgAi": 11,
            "avgNonAi": 11.61111111111111,
            "ppVotesAi": 32.142857142857146,
            "ppAvgAi": 48.64864864864865
        },
        "10": {
            "aiSessions": 17,
            "nonAiSessions": 28,
            "aiVotes": 168,
            "nonAiVotes": 352,
            "avgAi": 9.882352941176471,
            "avgNonAi": 12.571428571428571,
            "ppVotesAi": 32.30769230769231,
            "ppAvgAi": 44.01197604790419
        },
        "11": {
            "aiSessions": 14,
            "nonAiSessions": 25,
            "aiVotes": 114,
            "nonAiVotes": 329,
            "avgAi": 8.142857142857142,
            "avgNonAi": 13.16,
            "ppVotesAi": 25.733634311512414,
            "ppAvgAi": 38.22424892703862
        },
        "12": {
            "aiSessions": 9,
            "nonAiSessions": 16,
            "aiVotes": 113,
            "nonAiVotes": 173,
            "avgAi": 12.555555555555555,
            "avgNonAi": 10.8125,
            "ppVotesAi": 39.51048951048951,
            "ppAvgAi": 53.7295690936107
        },
        "13": {
            "aiSessions": 13,
            "nonAiSessions": 22,
            "aiVotes": 109,
            "nonAiVotes": 413,
            "avgAi": 8.384615384615385,
            "avgNonAi": 18.772727272727273,
            "ppVotesAi": 20.88122605363985,
            "ppAvgAi": 30.87421140723574
        }
    }
}