{
    "overall": {
        "aiSessions": 76,
        "nonAiSessions": 110,
        "aiVotes": 958,
        "nonAiVotes": 2114,
        "avgAi": 12.605263157894736,
        "avgNonAi": 19.21818181818182,
        "ppVotesAi": 31.184895833333332,
        "ppAvgAi": 39.60998932507405,
        "ppSessionsAi": 40.86021505376344
    },
    "byCategory": {
        "1": {
            "aiSessions": 13,
            "nonAiSessions": 23,
            "aiVotes": 231,
            "nonAiVotes": 483,
            "avgAi": 17.76923076923077,
            "avgNonAi": 21,
            "ppVotesAi": 32.35294117647059,
            "ppAvgAi": 45.83333333333333,
            "ppSessionsAi": 36.11111111111111
        },
        "2": {
            "aiSessions": 33,
            "nonAiSessions": 33,
            "aiVotes": 421,
            "nonAiVotes": 835,
            "avgAi": 12.757575757575758,
            "avgNonAi": 25.303030303030305,
            "ppVotesAi": 33.51910828025478,
            "ppAvgAi": 33.51910828025478,
            "ppSessionsAi": 50
        },
        "4": {
            "aiSessions": 26,
            "nonAiSessions": 34,
            "aiVotes": 358,
            "nonAiVotes": 656,
            "avgAi": 13.76923076923077,
            "avgNonAi": 19.294117647058822,
            "ppVotesAi": 35.30571992110454,
            "ppAvgAi": 41.64499794717395,
            "ppSessionsAi": 43.333333333333336
        },
        "5": {
            "aiSessions": 12,
            "nonAiSessions": 27,
            "aiVotes": 132,
            "nonAiVotes": 485,
            "avgAi": 11,
            "avgNonAi": 17.962962962962962,
            "ppVotesAi": 21.39384116693679,
            "ppAvgAi": 37.97953964194374,
            "ppSessionsAi": 30.76923076923077
        },
        "6": {
            "aiSessions": 30,
            "nonAiSessions": 19,
            "aiVotes": 425,
            "nonAiVotes": 436,
            "avgAi": 14.166666666666666,
            "avgNonAi": 22.94736842105263,
            "ppVotesAi": 49.361207897793264,
            "ppAvgAi": 38.170645237532504,
            "ppSessionsAi": 61.224489795918366
        },
        "7": {
            "aiSessions": 69,
            "nonAiSessions": 4,
            "aiVotes": 902,
            "nonAiVotes": 32,
            "avgAi": 13.072463768115941,
            "avgNonAi": 8,
            "ppVotesAi": 96.57387580299786,
            "ppAvgAi": 62.035763411279234,
            "ppSessionsAi": 94.52054794520548
        },
        "8": {
            "aiSessions": 16,
            "nonAiSessions": 17,
            "aiVotes": 198,
            "nonAiVotes": 358,
            "avgAi": 12.375,
            "avgNonAi": 21.058823529411764,
            "ppVotesAi": 35.61151079136691,
            "ppAvgAi": 37.01341543875082,
            "ppSessionsAi": 48.484848484848484
        },
        "9": {
            "aiSessions": 11,
            "nonAiSessions": 21,
            "aiVotes": 202,
            "nonAiVotes": 391,
            "avgAi": 18.363636363636363,
            "avgNonAi": 18.61904761904762,
            "ppVotesAi": 34.06408094435076,
            "ppAvgAi": 49.65468804869484,
            "ppSessionsAi": 34.375
        },
        "10": {
            "aiSessions": 18,
            "nonAiSessions": 33,
            "aiVotes": 258,
            "nonAiVotes": 527,
            "avgAi": 14.333333333333334,
            "avgNonAi": 15.969696969696969,
            "ppVotesAi": 32.86624203821656,
            "ppAvgAi": 47.3,
            "ppSessionsAi": 35.294117647058826
        },
        "11": {
            "aiSessions": 17,
            "nonAiSessions": 33,
            "aiVotes": 213,
            "nonAiVotes": 514,
            "avgAi": 12.529411764705882,
            "avgNonAi": 15.575757575757576,
            "ppVotesAi": 29.298486932599726,
            "ppAvgAi": 44.58045284454874,
            "ppSessionsAi": 34
        },
        "12": {
            "aiSessions": 9,
            "nonAiSessions": 18,
            "aiVotes": 154,
            "nonAiVotes": 271,
            "avgAi": 17.11111111111111,
            "avgNonAi": 15.055555555555555,
            "ppVotesAi": 36.23529411764706,
            "ppAvgAi": 53.1951640759931,
            "ppSessionsAi": 33.33333333333333
        },
        "13": {
            "aiSessions": 17,
            "nonAiSessions": 24,
            "aiVotes": 216,
            "nonAiVotes": 667,
            "avgAi": 12.705882352941176,
            "avgNonAi": 27.791666666666668,
            "ppVotesAi": 24.462061155152888,
            "ppAvgAi": 31.37444773951461,
            "ppSessionsAi": 41.46341463414634
        }
    }
}